{"initial_reset_timestamp": 1575353071.9952452, "timestamps": [1575353076.9110026, 1575353081.0716288, 1575353085.0003033, 1575353089.2279787, 1575353093.2367995, 1575353097.9685247, 1575353101.8918016, 1575353105.517246, 1575353109.6106255, 1575353114.1464965, 1575353118.3662999, 1575353122.9931428, 1575353127.748769, 1575353131.390203, 1575353135.903466, 1575353140.521309, 1575353144.7319074, 1575353149.5794427, 1575353153.557002, 1575353157.7760913, 1575353162.2195668, 1575353166.169742, 1575353170.3731883, 1575353175.1184142, 1575353179.4420679, 1575353183.1546364, 1575353187.4659224, 1575353191.7633069, 1575353195.415854, 1575353199.3582394, 1575353204.157959, 1575353208.6044755, 1575353212.875192, 1575353217.587077, 1575353221.4564312, 1575353225.1980016, 1575353229.7046251, 1575353234.027086, 1575353238.674804, 1575353243.5747523, 1575353247.7495968, 1575353251.5478032, 1575353255.2839859, 1575353259.7426963, 1575353263.6127565, 1575353268.1748135, 1575353272.5984406, 1575353277.3296983, 1575353282.4837255, 1575353287.7482138, 1575353292.6269665, 1575353296.7764592, 1575353300.7513497, 1575353304.6436918, 1575353308.4237337, 1575353312.4724114, 1575353343.2921557, 1575353377.7980351, 1575353415.5944974, 1575353448.9562385, 1575353482.022288, 1575353512.737967, 1575353543.71754, 1575353583.3657343, 1575353613.6614518, 1575353649.4951873, 1575353685.2243006, 1575353721.132458, 1575353752.5241904, 1575353786.9643006, 1575353818.2656524, 1575353855.4036, 1575353896.4605281, 1575353930.999251, 1575353965.6556087, 1575354002.474264, 1575354043.1637285, 1575354077.0208552, 1575354108.5324383, 1575354141.3500216, 1575354174.7932582, 1575354218.3462331, 1575354248.1625288, 1575354288.6246145, 1575354324.5167332, 1575354358.494048, 1575354399.0750577, 1575354433.0241907, 1575354465.1533983, 1575354499.548519, 1575354535.425884, 1575354572.1467552, 1575354605.4319515, 1575354635.0702713, 1575354679.5379255, 1575354719.8345702, 1575354754.9770043, 1575363910.4632666, 1575363945.2058434, 1575363984.207052, 1575364028.3622591, 1575364065.5500352, 1575364110.8417215, 1575364161.9515963, 1575364213.9122407, 1575364253.5815961, 1575364292.5038846, 1575364325.5597858, 1575364370.5138986, 1575364409.4020333, 1575364442.1769192, 1575364472.5377004, 1575364507.491623, 1575364540.722378, 1575364578.1546094, 1575364625.9963493, 1575364670.4416475, 1575364705.3062444, 1575364736.689975], "episode_lengths": [838, 857, 820, 884, 822, 984, 820, 755, 852, 940, 884, 952, 993, 759, 946, 953, 879, 1015, 820, 884, 929, 824, 877, 994, 893, 756, 895, 896, 755, 821, 997, 925, 878, 985, 803, 775, 944, 895, 966, 1010, 866, 789, 778, 930, 806, 951, 907, 987, 1074, 1096, 851, 851, 805, 808, 777, 835, 1228, 941, 1033, 881, 865, 817, 844, 1036, 802, 956, 933, 944, 818, 956, 872, 1015, 1104, 929, 936, 1001, 1047, 850, 822, 851, 867, 1132, 774, 1051, 916, 880, 1052, 880, 835, 893, 928, 955, 872, 776, 1155, 1033, 896, 1264, 848, 839, 931, 835, 1021, 1203, 1252, 996, 971, 833, 1030, 996, 851, 760, 862, 801, 910, 1183, 1049, 838, 787], "episode_rewards": [-20.0, -21.0, -21.0, -21.0, -21.0, -20.0, -21.0, -21.0, -21.0, -21.0, -21.0, -19.0, -21.0, -21.0, -19.0, -21.0, -21.0, -20.0, -21.0, -20.0, -21.0, -21.0, -21.0, -19.0, -20.0, -21.0, -20.0, -20.0, -21.0, -21.0, -19.0, -20.0, -21.0, -19.0, -21.0, -21.0, -21.0, -20.0, -21.0, -19.0, -21.0, -21.0, -21.0, -20.0, -21.0, -20.0, -21.0, -19.0, -20.0, -20.0, -21.0, -21.0, -21.0, -21.0, -21.0, -20.0, -20.0, -19.0, -19.0, -21.0, -20.0, -21.0, -21.0, -20.0, -21.0, -21.0, -21.0, -21.0, -21.0, -21.0, -20.0, -21.0, -20.0, -19.0, -21.0, -19.0, -19.0, -21.0, -21.0, -21.0, -21.0, -18.0, -21.0, -19.0, -20.0, -21.0, -19.0, -21.0, -20.0, -21.0, -20.0, -20.0, -20.0, -21.0, -19.0, -20.0, -20.0, -19.0, -21.0, -20.0, -20.0, -21.0, -18.0, -19.0, -19.0, -19.0, -20.0, -20.0, -21.0, -21.0, -21.0, -21.0, -20.0, -21.0, -21.0, -19.0, -19.0, -21.0, -21.0], "episode_types": ["t", "t", "t", "t", "t", "t", "t", "t", "t", "t", "t", "t", "t", "t", "t", "t", "t", "t", "t", "t", "t", "t", "t", "t", "t", "t", "t", "t", "t", "t", "t", "t", "t", "t", "t", "t", "t", "t", "t", "t", "t", "t", "t", "t", "t", "t", "t", "t", "t", "t", "t", "t", "t", "t", "t", "t", "t", "t", "t", "t", "t", "t", "t", "t", "t", "t", "t", "t", "t", "t", "t", "t", "t", "t", "t", "t", "t", "t", "t", "t", "t", "t", "t", "t", "t", "t", "t", "t", "t", "t", "t", "t", "t", "t", "t", "t", "t", "t", "t", "t", "t", "t", "t", "t", "t", "t", "t", "t", "t", "t", "t", "t", "t", "t", "t", "t", "t", "t", "t", "t"]}