{"initial_reset_timestamp": 1576481147.407814, "timestamps": [1576481154.5873861, 1576481159.0796213, 1576481162.6254394, 1576481166.268207, 1576481170.883363, 1576481174.4891446, 1576481177.7231536, 1576481181.685719, 1576481185.3884351, 1576481189.8956618, 1576481194.615759, 1576481198.515357, 1576481203.0812392, 1576481206.4644089, 1576481210.570092, 1576481215.407339, 1576481219.29095, 1576481223.5364323, 1576481228.139338, 1576481232.1204324, 1576481236.5693705, 1576481241.3953996, 1576481245.6078074, 1576481249.0716767, 1576481253.7967687, 1576481257.3495817, 1576481260.8494291, 1576481264.5271645, 1576481268.7915404, 1576481272.7301176, 1576481277.248336, 1576481280.709206, 1576481283.8232903, 1576481287.8508098, 1576481291.9682772], "episode_lengths": [1123, 1093, 868, 878, 1104, 862, 780, 951, 896, 1078, 1063, 878, 1050, 789, 939, 1094, 913, 998, 1050, 816, 1002, 1158, 1016, 836, 1144, 861, 850, 855, 961, 940, 1095, 845, 758, 973, 985], "episode_rewards": [-20.0, -20.0, -20.0, -21.0, -20.0, -21.0, -21.0, -19.0, -20.0, -19.0, -20.0, -21.0, -20.0, -21.0, -21.0, -19.0, -20.0, -19.0, -19.0, -21.0, -20.0, -19.0, -18.0, -20.0, -18.0, -21.0, -21.0, -21.0, -21.0, -19.0, -21.0, -21.0, -21.0, -19.0, -20.0], "episode_types": ["t", "t", "t", "t", "t", "t", "t", "t", "t", "t", "t", "t", "t", "t", "t", "t", "t", "t", "t", "t", "t", "t", "t", "t", "t", "t", "t", "t", "t", "t", "t", "t", "t", "t", "t", "t"]}